CREATE DATABASE  IF NOT EXISTS `dwh` /*!40100 DEFAULT CHARACTER SET utf8mb4 COLLATE utf8mb4_0900_ai_ci */ /*!80016 DEFAULT ENCRYPTION='N' */;
USE `dwh`;
-- MySQL dump 10.13  Distrib 8.0.20, for Win64 (x86_64)
--
-- Host: localhost    Database: dwh
-- ------------------------------------------------------
-- Server version	8.0.20

/*!40101 SET @OLD_CHARACTER_SET_CLIENT=@@CHARACTER_SET_CLIENT */;
/*!40101 SET @OLD_CHARACTER_SET_RESULTS=@@CHARACTER_SET_RESULTS */;
/*!40101 SET @OLD_COLLATION_CONNECTION=@@COLLATION_CONNECTION */;
/*!50503 SET NAMES utf8 */;
/*!40103 SET @OLD_TIME_ZONE=@@TIME_ZONE */;
/*!40103 SET TIME_ZONE='+00:00' */;
/*!40014 SET @OLD_UNIQUE_CHECKS=@@UNIQUE_CHECKS, UNIQUE_CHECKS=0 */;
/*!40014 SET @OLD_FOREIGN_KEY_CHECKS=@@FOREIGN_KEY_CHECKS, FOREIGN_KEY_CHECKS=0 */;
/*!40101 SET @OLD_SQL_MODE=@@SQL_MODE, SQL_MODE='NO_AUTO_VALUE_ON_ZERO' */;
/*!40111 SET @OLD_SQL_NOTES=@@SQL_NOTES, SQL_NOTES=0 */;

--
-- Temporary view structure for view `composite_rate`
--

DROP TABLE IF EXISTS `composite_rate`;
/*!50001 DROP VIEW IF EXISTS `composite_rate`*/;
SET @saved_cs_client     = @@character_set_client;
/*!50503 SET character_set_client = utf8mb4 */;
/*!50001 CREATE VIEW `composite_rate` AS SELECT 
 1 AS `dol`,
 1 AS `eur`,
 1 AS `rub`,
 1 AS `chi`,
 1 AS `rate_date`*/;
SET character_set_client = @saved_cs_client;

--
-- Table structure for table `currency`
--

DROP TABLE IF EXISTS `currency`;
/*!40101 SET @saved_cs_client     = @@character_set_client */;
/*!50503 SET character_set_client = utf8mb4 */;
CREATE TABLE `currency` (
  `currency_id` int NOT NULL AUTO_INCREMENT,
  `currency_code` varchar(3) NOT NULL,
  `currency_load_datetime` datetime NOT NULL,
  PRIMARY KEY (`currency_id`),
  UNIQUE KEY `md5_hash_UNIQUE` (`currency_id`),
  UNIQUE KEY `currency_name_UNIQUE` (`currency_code`)
) ENGINE=InnoDB AUTO_INCREMENT=5 DEFAULT CHARSET=utf8mb4 COLLATE=utf8mb4_0900_ai_ci;
/*!40101 SET character_set_client = @saved_cs_client */;

--
-- Dumping data for table `currency`
--

LOCK TABLES `currency` WRITE;
/*!40000 ALTER TABLE `currency` DISABLE KEYS */;
INSERT INTO `currency` VALUES (1,'USD','2021-07-28 09:02:48'),(2,'EUR','2021-07-28 09:02:48'),(3,'RUB','2021-07-28 09:02:48'),(4,'CNY','2021-07-28 09:02:48');
/*!40000 ALTER TABLE `currency` ENABLE KEYS */;
UNLOCK TABLES;
/*!50003 SET @saved_cs_client      = @@character_set_client */ ;
/*!50003 SET @saved_cs_results     = @@character_set_results */ ;
/*!50003 SET @saved_col_connection = @@collation_connection */ ;
/*!50003 SET character_set_client  = utf8mb4 */ ;
/*!50003 SET character_set_results = utf8mb4 */ ;
/*!50003 SET collation_connection  = utf8mb4_0900_ai_ci */ ;
/*!50003 SET @saved_sql_mode       = @@sql_mode */ ;
/*!50003 SET sql_mode              = 'STRICT_TRANS_TABLES,NO_ENGINE_SUBSTITUTION' */ ;
DELIMITER ;;
/*!50003 CREATE*/ /*!50017 DEFINER=`root`@`localhost`*/ /*!50003 TRIGGER `currency_BEFORE_INSERT` BEFORE INSERT ON `currency` FOR EACH ROW BEGIN
	SET NEW.currency_name = NEW.currency_name;
    SET NEW.currency_load_datetime = NOW();
END */;;
DELIMITER ;
/*!50003 SET sql_mode              = @saved_sql_mode */ ;
/*!50003 SET character_set_client  = @saved_cs_client */ ;
/*!50003 SET character_set_results = @saved_cs_results */ ;
/*!50003 SET collation_connection  = @saved_col_connection */ ;

--
-- Table structure for table `currency_name`
--

DROP TABLE IF EXISTS `currency_name`;
/*!40101 SET @saved_cs_client     = @@character_set_client */;
/*!50503 SET character_set_client = utf8mb4 */;
CREATE TABLE `currency_name` (
  `currency_name_id` int NOT NULL AUTO_INCREMENT,
  `currency_id` int NOT NULL,
  `currency_name_rus` varchar(45) DEFAULT NULL,
  `currency_name_eng` varchar(45) DEFAULT NULL,
  `currency_name_deu` varchar(45) DEFAULT NULL,
  `currency_name_chi` varchar(45) DEFAULT NULL,
  `currency_name_load_datetime` datetime NOT NULL,
  PRIMARY KEY (`currency_name_id`),
  UNIQUE KEY `language_id_UNIQUE` (`currency_name_id`),
  KEY `currency_id_idx` (`currency_id`),
  CONSTRAINT `currency_id` FOREIGN KEY (`currency_id`) REFERENCES `currency` (`currency_id`) ON DELETE CASCADE ON UPDATE CASCADE
) ENGINE=InnoDB AUTO_INCREMENT=9 DEFAULT CHARSET=utf8mb4 COLLATE=utf8mb4_0900_ai_ci;
/*!40101 SET character_set_client = @saved_cs_client */;

--
-- Dumping data for table `currency_name`
--

LOCK TABLES `currency_name` WRITE;
/*!40000 ALTER TABLE `currency_name` DISABLE KEYS */;
INSERT INTO `currency_name` VALUES (1,1,'доллар','dollar','dollar','美元','2021-07-28 15:29:47'),(2,2,'евро','euro','euro','欧元','2021-07-28 15:29:47'),(3,3,'рубль','rouble','rubel','卢布','2021-07-28 15:29:47'),(4,4,'юань','yuan','yuan','人民币','2021-07-28 15:29:47');
/*!40000 ALTER TABLE `currency_name` ENABLE KEYS */;
UNLOCK TABLES;
/*!50003 SET @saved_cs_client      = @@character_set_client */ ;
/*!50003 SET @saved_cs_results     = @@character_set_results */ ;
/*!50003 SET @saved_col_connection = @@collation_connection */ ;
/*!50003 SET character_set_client  = utf8mb4 */ ;
/*!50003 SET character_set_results = utf8mb4 */ ;
/*!50003 SET collation_connection  = utf8mb4_0900_ai_ci */ ;
/*!50003 SET @saved_sql_mode       = @@sql_mode */ ;
/*!50003 SET sql_mode              = 'STRICT_TRANS_TABLES,NO_ENGINE_SUBSTITUTION' */ ;
DELIMITER ;;
/*!50003 CREATE*/ /*!50017 DEFINER=`root`@`localhost`*/ /*!50003 TRIGGER `currency_name_BEFORE_INSERT` BEFORE INSERT ON `currency_name` FOR EACH ROW BEGIN
	SET NEW.currency_name_load_datetime = sysdate();
END */;;
DELIMITER ;
/*!50003 SET sql_mode              = @saved_sql_mode */ ;
/*!50003 SET character_set_client  = @saved_cs_client */ ;
/*!50003 SET character_set_results = @saved_cs_results */ ;
/*!50003 SET collation_connection  = @saved_col_connection */ ;

--
-- Temporary view structure for view `currency_on_date`
--

DROP TABLE IF EXISTS `currency_on_date`;
/*!50001 DROP VIEW IF EXISTS `currency_on_date`*/;
SET @saved_cs_client     = @@character_set_client;
/*!50503 SET character_set_client = utf8mb4 */;
/*!50001 CREATE VIEW `currency_on_date` AS SELECT 
 1 AS `rus`,
 1 AS `rate_value`*/;
SET character_set_client = @saved_cs_client;

--
-- Temporary view structure for view `exchange_cost_rub`
--

DROP TABLE IF EXISTS `exchange_cost_rub`;
/*!50001 DROP VIEW IF EXISTS `exchange_cost_rub`*/;
SET @saved_cs_client     = @@character_set_client;
/*!50503 SET character_set_client = utf8mb4 */;
/*!50001 CREATE VIEW `exchange_cost_rub` AS SELECT 
 1 AS `рубль`,
 1 AS `доллар`,
 1 AS `евро`,
 1 AS `юань`,
 1 AS `дата курса`*/;
SET character_set_client = @saved_cs_client;

--
-- Temporary view structure for view `exchange_rub`
--

DROP TABLE IF EXISTS `exchange_rub`;
/*!50001 DROP VIEW IF EXISTS `exchange_rub`*/;
SET @saved_cs_client     = @@character_set_client;
/*!50503 SET character_set_client = utf8mb4 */;
/*!50001 CREATE VIEW `exchange_rub` AS SELECT 
 1 AS `рубль`,
 1 AS `доллар`,
 1 AS `евро`,
 1 AS `юань`,
 1 AS `дата курса`*/;
SET character_set_client = @saved_cs_client;

--
-- Temporary view structure for view `locale`
--

DROP TABLE IF EXISTS `locale`;
/*!50001 DROP VIEW IF EXISTS `locale`*/;
SET @saved_cs_client     = @@character_set_client;
/*!50503 SET character_set_client = utf8mb4 */;
/*!50001 CREATE VIEW `locale` AS SELECT 
 1 AS `code`,
 1 AS `rus`,
 1 AS `eng`,
 1 AS `deu`,
 1 AS `chi`*/;
SET character_set_client = @saved_cs_client;

--
-- Table structure for table `rate`
--

DROP TABLE IF EXISTS `rate`;
/*!40101 SET @saved_cs_client     = @@character_set_client */;
/*!50503 SET character_set_client = utf8mb4 */;
CREATE TABLE `rate` (
  `rate_currency_id` int NOT NULL,
  `rate_date` date NOT NULL,
  `rate_value` float DEFAULT NULL,
  `rate_load_datetime` datetime DEFAULT NULL,
  PRIMARY KEY (`rate_currency_id`,`rate_date`),
  CONSTRAINT `rate_currency_id` FOREIGN KEY (`rate_currency_id`) REFERENCES `currency` (`currency_id`) ON DELETE CASCADE ON UPDATE CASCADE
) ENGINE=InnoDB DEFAULT CHARSET=utf8mb4 COLLATE=utf8mb4_0900_ai_ci;
/*!40101 SET character_set_client = @saved_cs_client */;

--
-- Dumping data for table `rate`
--

LOCK TABLES `rate` WRITE;
/*!40000 ALTER TABLE `rate` DISABLE KEYS */;
INSERT INTO `rate` VALUES (1,'2021-01-26',1.21628,'2021-07-28 09:02:48'),(1,'2021-01-27',1.21036,'2021-07-28 09:02:48'),(1,'2021-01-28',1.21197,'2021-07-28 09:02:48'),(1,'2021-01-29',1.21377,'2021-07-28 09:02:48'),(1,'2021-01-30',1.21375,'2021-07-28 09:02:48'),(1,'2021-01-31',1.21234,'2021-07-28 09:02:48'),(1,'2021-02-01',1.20683,'2021-07-28 09:02:48'),(1,'2021-02-02',1.20387,'2021-07-28 09:02:48'),(1,'2021-02-03',1.20409,'2021-07-28 09:02:48'),(1,'2021-02-04',1.19664,'2021-07-28 09:02:48'),(1,'2021-02-05',1.20488,'2021-07-28 09:02:48'),(1,'2021-02-06',1.20491,'2021-07-28 09:02:48'),(1,'2021-02-07',1.20483,'2021-07-28 09:02:48'),(1,'2021-02-08',1.20536,'2021-07-28 09:02:48'),(1,'2021-02-09',1.21185,'2021-07-28 09:02:48'),(1,'2021-02-10',1.21197,'2021-07-28 09:02:48'),(1,'2021-02-11',1.21301,'2021-07-28 09:02:48'),(1,'2021-02-12',1.21132,'2021-07-28 09:02:48'),(1,'2021-02-13',1.21205,'2021-07-28 09:02:48'),(1,'2021-02-14',1.21216,'2021-07-28 09:02:48'),(1,'2021-02-15',1.21321,'2021-07-28 09:02:48'),(1,'2021-02-16',1.20921,'2021-07-28 09:02:48'),(1,'2021-02-17',1.20465,'2021-07-28 09:02:48'),(1,'2021-02-18',1.20915,'2021-07-28 09:02:48'),(1,'2021-02-19',1.21183,'2021-07-28 09:02:48'),(1,'2021-02-20',1.21183,'2021-07-28 09:02:48'),(1,'2021-02-21',1.2126,'2021-07-28 09:02:48'),(1,'2021-02-22',1.21658,'2021-07-28 09:02:48'),(1,'2021-02-23',1.21518,'2021-07-28 09:02:48'),(1,'2021-02-24',1.21699,'2021-07-28 09:02:48'),(1,'2021-02-25',1.216,'2021-07-28 09:02:48'),(1,'2021-02-26',1.20721,'2021-07-28 09:02:48'),(1,'2021-02-27',1.20721,'2021-07-28 09:02:48'),(1,'2021-02-28',1.2089,'2021-07-28 09:02:48'),(1,'2021-03-01',1.20496,'2021-07-28 09:02:48'),(1,'2021-03-02',1.20851,'2021-07-28 09:02:48'),(1,'2021-03-03',1.20503,'2021-07-28 09:02:48'),(1,'2021-03-04',1.19674,'2021-07-28 09:02:48'),(1,'2021-03-05',1.19113,'2021-07-28 09:02:48'),(1,'2021-03-06',1.19161,'2021-07-28 09:02:48'),(1,'2021-03-07',1.19252,'2021-07-28 09:02:48'),(1,'2021-03-08',1.18514,'2021-07-28 09:02:48'),(1,'2021-03-09',1.18976,'2021-07-28 09:02:48'),(1,'2021-03-10',1.19246,'2021-07-28 09:02:48'),(1,'2021-03-11',1.19846,'2021-07-28 09:02:48'),(1,'2021-03-12',1.19534,'2021-07-28 09:02:48'),(1,'2021-03-13',1.19533,'2021-07-28 09:02:48'),(1,'2021-03-14',1.19494,'2021-07-28 09:02:48'),(1,'2021-03-15',1.19254,'2021-07-28 09:02:48'),(1,'2021-03-16',1.19013,'2021-07-28 09:02:48'),(1,'2021-03-17',1.19824,'2021-07-28 09:02:48'),(1,'2021-03-18',1.19179,'2021-07-28 09:02:48'),(1,'2021-03-19',1.19465,'2021-07-28 09:02:48'),(1,'2021-03-20',1.19485,'2021-07-28 09:02:48'),(1,'2021-03-21',1.18827,'2021-07-28 09:02:48'),(1,'2021-03-22',1.19327,'2021-07-28 09:02:48'),(1,'2021-03-23',1.18398,'2021-07-28 09:02:48'),(1,'2021-03-24',1.18127,'2021-07-28 09:02:48'),(1,'2021-03-25',1.17763,'2021-07-28 09:02:48'),(1,'2021-03-26',1.17942,'2021-07-28 09:02:48'),(1,'2021-03-27',1.18245,'2021-07-28 09:02:48'),(1,'2021-03-28',1.17869,'2021-07-28 09:02:48'),(1,'2021-03-29',1.17686,'2021-07-28 09:02:48'),(1,'2021-03-30',1.17231,'2021-07-28 09:02:48'),(1,'2021-03-31',1.17266,'2021-07-28 09:02:48'),(1,'2021-04-01',1.17781,'2021-07-28 09:02:48'),(1,'2021-04-02',1.17605,'2021-07-28 09:02:48'),(1,'2021-04-03',1.17593,'2021-07-28 09:02:48'),(1,'2021-04-04',1.17655,'2021-07-28 09:02:48'),(1,'2021-04-05',1.18175,'2021-07-28 09:02:48'),(1,'2021-04-06',1.1874,'2021-07-28 09:02:48'),(1,'2021-04-07',1.1873,'2021-07-28 09:02:48'),(1,'2021-04-08',1.19175,'2021-07-28 09:02:48'),(1,'2021-04-09',1.19,'2021-07-28 09:02:48'),(1,'2021-04-10',1.19008,'2021-07-28 09:02:48'),(1,'2021-04-11',1.18991,'2021-07-28 09:02:48'),(1,'2021-04-12',1.19126,'2021-07-28 09:02:48'),(1,'2021-04-13',1.19542,'2021-07-28 09:02:48'),(1,'2021-04-14',1.19832,'2021-07-28 09:02:48'),(1,'2021-04-15',1.19695,'2021-07-28 09:02:48'),(1,'2021-04-16',1.19819,'2021-07-28 09:02:48'),(1,'2021-04-17',1.19819,'2021-07-28 09:02:48'),(1,'2021-04-18',1.19719,'2021-07-28 09:02:48'),(1,'2021-04-19',1.20439,'2021-07-28 09:02:48'),(1,'2021-04-20',1.20329,'2021-07-28 09:02:48'),(1,'2021-04-21',1.20372,'2021-07-28 09:02:48'),(1,'2021-04-22',1.20134,'2021-07-28 09:02:48'),(1,'2021-04-23',1.20985,'2021-07-28 09:02:48'),(1,'2021-04-24',1.20972,'2021-07-28 09:02:48'),(1,'2021-04-25',1.20915,'2021-07-28 09:02:48'),(1,'2021-04-26',1.20804,'2021-07-28 09:02:48'),(1,'2021-04-27',1.20895,'2021-07-28 09:02:48'),(1,'2021-04-28',1.21358,'2021-07-28 09:02:48'),(1,'2021-04-29',1.21251,'2021-07-28 09:02:48'),(1,'2021-04-30',1.20195,'2021-07-28 09:02:48'),(1,'2021-05-01',1.202,'2021-07-28 09:02:48'),(1,'2021-05-02',1.20284,'2021-07-28 09:02:48'),(1,'2021-05-03',1.20598,'2021-07-28 09:02:48'),(1,'2021-05-04',1.20145,'2021-07-28 09:02:48'),(1,'2021-05-05',1.20063,'2021-07-28 09:02:48'),(1,'2021-05-06',1.20655,'2021-07-28 09:02:48'),(1,'2021-05-07',1.2165,'2021-07-28 09:02:48'),(1,'2021-05-08',1.21633,'2021-07-28 09:02:48'),(1,'2021-05-09',1.21746,'2021-07-28 09:02:48'),(1,'2021-05-10',1.21403,'2021-07-28 09:02:48'),(1,'2021-05-11',1.21453,'2021-07-28 09:02:48'),(1,'2021-05-12',1.20784,'2021-07-28 09:02:48'),(1,'2021-05-13',1.20772,'2021-07-28 09:02:48'),(1,'2021-05-14',1.21444,'2021-07-28 09:02:48'),(1,'2021-05-15',1.21459,'2021-07-28 09:02:48'),(1,'2021-05-16',1.21506,'2021-07-28 09:02:48'),(1,'2021-05-17',1.21577,'2021-07-28 09:02:48'),(1,'2021-05-18',1.22222,'2021-07-28 09:02:48'),(1,'2021-05-19',1.21714,'2021-07-28 09:02:48'),(1,'2021-05-20',1.22253,'2021-07-28 09:02:48'),(1,'2021-05-21',1.218,'2021-07-28 09:02:48'),(1,'2021-05-22',1.21812,'2021-07-28 09:02:48'),(1,'2021-05-23',1.21817,'2021-07-28 09:02:48'),(1,'2021-05-24',1.22145,'2021-07-28 09:02:48'),(1,'2021-05-25',1.22481,'2021-07-28 09:02:48'),(1,'2021-05-26',1.21921,'2021-07-28 09:02:48'),(1,'2021-05-27',1.21921,'2021-07-28 09:02:48'),(1,'2021-05-28',1.21925,'2021-07-28 09:02:48'),(1,'2021-05-29',1.21925,'2021-07-28 09:02:48'),(1,'2021-05-30',1.21906,'2021-07-28 09:02:48'),(1,'2021-05-31',1.22335,'2021-07-28 09:02:48'),(1,'2021-06-01',1.22176,'2021-07-28 09:02:48'),(1,'2021-06-02',1.22105,'2021-07-28 09:02:48'),(1,'2021-06-03',1.21315,'2021-07-28 09:02:48'),(1,'2021-06-04',1.21673,'2021-07-28 09:02:48'),(1,'2021-06-05',1.21666,'2021-07-28 09:02:48'),(1,'2021-06-06',1.21676,'2021-07-28 09:02:48'),(1,'2021-06-07',1.21907,'2021-07-28 09:02:48'),(1,'2021-06-08',1.21734,'2021-07-28 09:02:48'),(1,'2021-06-09',1.21773,'2021-07-28 09:02:48'),(1,'2021-06-10',1.21722,'2021-07-28 09:02:48'),(1,'2021-06-11',1.21085,'2021-07-28 09:02:48'),(1,'2021-06-12',1.21089,'2021-07-28 09:02:48'),(1,'2021-06-13',1.21098,'2021-07-28 09:02:48'),(1,'2021-06-14',1.21227,'2021-07-28 09:02:48'),(1,'2021-06-15',1.21256,'2021-07-28 09:02:48'),(1,'2021-06-16',1.19938,'2021-07-28 09:02:48'),(1,'2021-06-17',1.19147,'2021-07-28 09:02:48'),(1,'2021-06-18',1.18635,'2021-07-28 09:02:48'),(1,'2021-06-19',1.18643,'2021-07-28 09:02:48'),(1,'2021-06-20',1.18726,'2021-07-28 09:02:48'),(1,'2021-06-21',1.19121,'2021-07-28 09:02:48'),(1,'2021-06-22',1.19389,'2021-07-28 09:02:48'),(1,'2021-06-23',1.19294,'2021-07-28 09:02:48'),(1,'2021-06-24',1.19286,'2021-07-28 09:02:48'),(1,'2021-06-25',1.19375,'2021-07-28 09:02:48'),(1,'2021-06-26',1.19361,'2021-07-28 09:02:48'),(1,'2021-06-27',1.19416,'2021-07-28 09:02:48'),(1,'2021-06-28',1.19275,'2021-07-28 09:02:48'),(1,'2021-06-29',1.19005,'2021-07-28 09:02:48'),(1,'2021-06-30',1.18554,'2021-07-28 09:02:48'),(1,'2021-07-01',1.18458,'2021-07-28 09:02:48'),(1,'2021-07-02',1.18649,'2021-07-28 09:02:48'),(1,'2021-07-03',1.1865,'2021-07-28 09:02:48'),(1,'2021-07-04',1.18553,'2021-07-28 09:02:48'),(1,'2021-07-05',1.18645,'2021-07-28 09:02:48'),(1,'2021-07-06',1.18224,'2021-07-28 09:02:48'),(1,'2021-07-07',1.17932,'2021-07-28 09:02:48'),(1,'2021-07-08',1.1847,'2021-07-28 09:02:48'),(1,'2021-07-09',1.18778,'2021-07-28 09:02:48'),(1,'2021-07-10',1.1877,'2021-07-28 09:02:48'),(1,'2021-07-11',1.18728,'2021-07-28 09:02:48'),(1,'2021-07-12',1.1863,'2021-07-28 09:02:48'),(1,'2021-07-13',1.17746,'2021-07-28 09:02:48'),(1,'2021-07-14',1.1833,'2021-07-28 09:02:48'),(1,'2021-07-15',1.18119,'2021-07-28 09:02:48'),(1,'2021-07-16',1.18067,'2021-07-28 09:02:48'),(1,'2021-07-17',1.18054,'2021-07-28 09:02:48'),(1,'2021-07-18',1.18129,'2021-07-28 09:02:48'),(1,'2021-07-19',1.1793,'2021-07-28 09:02:48'),(1,'2021-07-20',1.17814,'2021-07-28 09:02:48'),(1,'2021-07-21',1.17924,'2021-07-28 09:02:48'),(1,'2021-07-22',1.17735,'2021-07-28 09:02:48'),(1,'2021-07-23',1.17713,'2021-07-28 09:02:48'),(1,'2021-07-24',1.17713,'2021-07-28 09:02:48'),(1,'2021-07-25',1.17727,'2021-07-29 20:48:58'),(1,'2021-07-26',1.18067,'2021-07-29 20:48:58'),(1,'2021-07-27',1.18325,'2021-07-28 15:20:13'),(1,'2021-07-28',1.18466,'2021-07-30 00:59:40'),(1,'2021-07-29',1.18892,'2021-07-30 00:59:40'),(2,'2021-01-26',1,'2021-07-28 09:02:48'),(2,'2021-01-27',1,'2021-07-28 09:02:48'),(2,'2021-01-28',1,'2021-07-28 09:02:48'),(2,'2021-01-29',1,'2021-07-28 09:02:48'),(2,'2021-01-30',1,'2021-07-28 09:02:48'),(2,'2021-01-31',1,'2021-07-28 09:02:48'),(2,'2021-02-01',1,'2021-07-28 09:02:48'),(2,'2021-02-02',1,'2021-07-28 09:02:48'),(2,'2021-02-03',1,'2021-07-28 09:02:48'),(2,'2021-02-04',1,'2021-07-28 09:02:48'),(2,'2021-02-05',1,'2021-07-28 09:02:48'),(2,'2021-02-06',1,'2021-07-28 09:02:48'),(2,'2021-02-07',1,'2021-07-28 09:02:48'),(2,'2021-02-08',1,'2021-07-28 09:02:48'),(2,'2021-02-09',1,'2021-07-28 09:02:48'),(2,'2021-02-10',1,'2021-07-28 09:02:48'),(2,'2021-02-11',1,'2021-07-28 09:02:48'),(2,'2021-02-12',1,'2021-07-28 09:02:48'),(2,'2021-02-13',1,'2021-07-28 09:02:48'),(2,'2021-02-14',1,'2021-07-28 09:02:48'),(2,'2021-02-15',1,'2021-07-28 09:02:48'),(2,'2021-02-16',1,'2021-07-28 09:02:48'),(2,'2021-02-17',1,'2021-07-28 09:02:48'),(2,'2021-02-18',1,'2021-07-28 09:02:48'),(2,'2021-02-19',1,'2021-07-28 09:02:48'),(2,'2021-02-20',1,'2021-07-28 09:02:48'),(2,'2021-02-21',1,'2021-07-28 09:02:48'),(2,'2021-02-22',1,'2021-07-28 09:02:48'),(2,'2021-02-23',1,'2021-07-28 09:02:48'),(2,'2021-02-24',1,'2021-07-28 09:02:48'),(2,'2021-02-25',1,'2021-07-28 09:02:48'),(2,'2021-02-26',1,'2021-07-28 09:02:48'),(2,'2021-02-27',1,'2021-07-28 09:02:48'),(2,'2021-02-28',1,'2021-07-28 09:02:48'),(2,'2021-03-01',1,'2021-07-28 09:02:48'),(2,'2021-03-02',1,'2021-07-28 09:02:48'),(2,'2021-03-03',1,'2021-07-28 09:02:48'),(2,'2021-03-04',1,'2021-07-28 09:02:48'),(2,'2021-03-05',1,'2021-07-28 09:02:48'),(2,'2021-03-06',1,'2021-07-28 09:02:48'),(2,'2021-03-07',1,'2021-07-28 09:02:48'),(2,'2021-03-08',1,'2021-07-28 09:02:48'),(2,'2021-03-09',1,'2021-07-28 09:02:48'),(2,'2021-03-10',1,'2021-07-28 09:02:48'),(2,'2021-03-11',1,'2021-07-28 09:02:48'),(2,'2021-03-12',1,'2021-07-28 09:02:48'),(2,'2021-03-13',1,'2021-07-28 09:02:48'),(2,'2021-03-14',1,'2021-07-28 09:02:48'),(2,'2021-03-15',1,'2021-07-28 09:02:48'),(2,'2021-03-16',1,'2021-07-28 09:02:48'),(2,'2021-03-17',1,'2021-07-28 09:02:48'),(2,'2021-03-18',1,'2021-07-28 09:02:48'),(2,'2021-03-19',1,'2021-07-28 09:02:48'),(2,'2021-03-20',1,'2021-07-28 09:02:48'),(2,'2021-03-21',1,'2021-07-28 09:02:48'),(2,'2021-03-22',1,'2021-07-28 09:02:48'),(2,'2021-03-23',1,'2021-07-28 09:02:48'),(2,'2021-03-24',1,'2021-07-28 09:02:48'),(2,'2021-03-25',1,'2021-07-28 09:02:48'),(2,'2021-03-26',1,'2021-07-28 09:02:48'),(2,'2021-03-27',1,'2021-07-28 09:02:48'),(2,'2021-03-28',1,'2021-07-28 09:02:48'),(2,'2021-03-29',1,'2021-07-28 09:02:48'),(2,'2021-03-30',1,'2021-07-28 09:02:48'),(2,'2021-03-31',1,'2021-07-28 09:02:48'),(2,'2021-04-01',1,'2021-07-28 09:02:48'),(2,'2021-04-02',1,'2021-07-28 09:02:48'),(2,'2021-04-03',1,'2021-07-28 09:02:48'),(2,'2021-04-04',1,'2021-07-28 09:02:48'),(2,'2021-04-05',1,'2021-07-28 09:02:48'),(2,'2021-04-06',1,'2021-07-28 09:02:48'),(2,'2021-04-07',1,'2021-07-28 09:02:48'),(2,'2021-04-08',1,'2021-07-28 09:02:48'),(2,'2021-04-09',1,'2021-07-28 09:02:48'),(2,'2021-04-10',1,'2021-07-28 09:02:48'),(2,'2021-04-11',1,'2021-07-28 09:02:48'),(2,'2021-04-12',1,'2021-07-28 09:02:48'),(2,'2021-04-13',1,'2021-07-28 09:02:48'),(2,'2021-04-14',1,'2021-07-28 09:02:48'),(2,'2021-04-15',1,'2021-07-28 09:02:48'),(2,'2021-04-16',1,'2021-07-28 09:02:48'),(2,'2021-04-17',1,'2021-07-28 09:02:48'),(2,'2021-04-18',1,'2021-07-28 09:02:48'),(2,'2021-04-19',1,'2021-07-28 09:02:48'),(2,'2021-04-20',1,'2021-07-28 09:02:48'),(2,'2021-04-21',1,'2021-07-28 09:02:48'),(2,'2021-04-22',1,'2021-07-28 09:02:48'),(2,'2021-04-23',1,'2021-07-28 09:02:48'),(2,'2021-04-24',1,'2021-07-28 09:02:48'),(2,'2021-04-25',1,'2021-07-28 09:02:48'),(2,'2021-04-26',1,'2021-07-28 09:02:48'),(2,'2021-04-27',1,'2021-07-28 09:02:48'),(2,'2021-04-28',1,'2021-07-28 09:02:48'),(2,'2021-04-29',1,'2021-07-28 09:02:48'),(2,'2021-04-30',1,'2021-07-28 09:02:48'),(2,'2021-05-01',1,'2021-07-28 09:02:48'),(2,'2021-05-02',1,'2021-07-28 09:02:48'),(2,'2021-05-03',1,'2021-07-28 09:02:48'),(2,'2021-05-04',1,'2021-07-28 09:02:48'),(2,'2021-05-05',1,'2021-07-28 09:02:48'),(2,'2021-05-06',1,'2021-07-28 09:02:48'),(2,'2021-05-07',1,'2021-07-28 09:02:48'),(2,'2021-05-08',1,'2021-07-28 09:02:48'),(2,'2021-05-09',1,'2021-07-28 09:02:48'),(2,'2021-05-10',1,'2021-07-28 09:02:48'),(2,'2021-05-11',1,'2021-07-28 09:02:48'),(2,'2021-05-12',1,'2021-07-28 09:02:48'),(2,'2021-05-13',1,'2021-07-28 09:02:48'),(2,'2021-05-14',1,'2021-07-28 09:02:48'),(2,'2021-05-15',1,'2021-07-28 09:02:48'),(2,'2021-05-16',1,'2021-07-28 09:02:48'),(2,'2021-05-17',1,'2021-07-28 09:02:48'),(2,'2021-05-18',1,'2021-07-28 09:02:48'),(2,'2021-05-19',1,'2021-07-28 09:02:48'),(2,'2021-05-20',1,'2021-07-28 09:02:48'),(2,'2021-05-21',1,'2021-07-28 09:02:48'),(2,'2021-05-22',1,'2021-07-28 09:02:48'),(2,'2021-05-23',1,'2021-07-28 09:02:48'),(2,'2021-05-24',1,'2021-07-28 09:02:48'),(2,'2021-05-25',1,'2021-07-28 09:02:48'),(2,'2021-05-26',1,'2021-07-28 09:02:48'),(2,'2021-05-27',1,'2021-07-28 09:02:48'),(2,'2021-05-28',1,'2021-07-28 09:02:48'),(2,'2021-05-29',1,'2021-07-28 09:02:48'),(2,'2021-05-30',1,'2021-07-28 09:02:48'),(2,'2021-05-31',1,'2021-07-28 09:02:48'),(2,'2021-06-01',1,'2021-07-28 09:02:48'),(2,'2021-06-02',1,'2021-07-28 09:02:48'),(2,'2021-06-03',1,'2021-07-28 09:02:48'),(2,'2021-06-04',1,'2021-07-28 09:02:48'),(2,'2021-06-05',1,'2021-07-28 09:02:48'),(2,'2021-06-06',1,'2021-07-28 09:02:48'),(2,'2021-06-07',1,'2021-07-28 09:02:48'),(2,'2021-06-08',1,'2021-07-28 09:02:48'),(2,'2021-06-09',1,'2021-07-28 09:02:48'),(2,'2021-06-10',1,'2021-07-28 09:02:48'),(2,'2021-06-11',1,'2021-07-28 09:02:48'),(2,'2021-06-12',1,'2021-07-28 09:02:48'),(2,'2021-06-13',1,'2021-07-28 09:02:48'),(2,'2021-06-14',1,'2021-07-28 09:02:48'),(2,'2021-06-15',1,'2021-07-28 09:02:48'),(2,'2021-06-16',1,'2021-07-28 09:02:48'),(2,'2021-06-17',1,'2021-07-28 09:02:48'),(2,'2021-06-18',1,'2021-07-28 09:02:48'),(2,'2021-06-19',1,'2021-07-28 09:02:48'),(2,'2021-06-20',1,'2021-07-28 09:02:48'),(2,'2021-06-21',1,'2021-07-28 09:02:48'),(2,'2021-06-22',1,'2021-07-28 09:02:48'),(2,'2021-06-23',1,'2021-07-28 09:02:48'),(2,'2021-06-24',1,'2021-07-28 09:02:48'),(2,'2021-06-25',1,'2021-07-28 09:02:48'),(2,'2021-06-26',1,'2021-07-28 09:02:48'),(2,'2021-06-27',1,'2021-07-28 09:02:48'),(2,'2021-06-28',1,'2021-07-28 09:02:48'),(2,'2021-06-29',1,'2021-07-28 09:02:48'),(2,'2021-06-30',1,'2021-07-28 09:02:48'),(2,'2021-07-01',1,'2021-07-28 09:02:48'),(2,'2021-07-02',1,'2021-07-28 09:02:48'),(2,'2021-07-03',1,'2021-07-28 09:02:48'),(2,'2021-07-04',1,'2021-07-28 09:02:48'),(2,'2021-07-05',1,'2021-07-28 09:02:48'),(2,'2021-07-06',1,'2021-07-28 09:02:48'),(2,'2021-07-07',1,'2021-07-28 09:02:48'),(2,'2021-07-08',1,'2021-07-28 09:02:48'),(2,'2021-07-09',1,'2021-07-28 09:02:48'),(2,'2021-07-10',1,'2021-07-28 09:02:48'),(2,'2021-07-11',1,'2021-07-28 09:02:48'),(2,'2021-07-12',1,'2021-07-28 09:02:48'),(2,'2021-07-13',1,'2021-07-28 09:02:48'),(2,'2021-07-14',1,'2021-07-28 09:02:48'),(2,'2021-07-15',1,'2021-07-28 09:02:48'),(2,'2021-07-16',1,'2021-07-28 09:02:48'),(2,'2021-07-17',1,'2021-07-28 09:02:48'),(2,'2021-07-18',1,'2021-07-28 09:02:48'),(2,'2021-07-19',1,'2021-07-28 09:02:48'),(2,'2021-07-20',1,'2021-07-28 09:02:48'),(2,'2021-07-21',1,'2021-07-28 09:02:48'),(2,'2021-07-22',1,'2021-07-28 09:02:48'),(2,'2021-07-23',1,'2021-07-28 09:02:48'),(2,'2021-07-24',1,'2021-07-28 09:02:48'),(2,'2021-07-25',1,'2021-07-29 20:48:58'),(2,'2021-07-26',1,'2021-07-29 20:48:58'),(2,'2021-07-27',1,'2021-07-28 15:20:13'),(2,'2021-07-28',1,'2021-07-30 00:59:40'),(2,'2021-07-29',1,'2021-07-30 00:59:40'),(3,'2021-01-26',91.3492,'2021-07-28 09:02:48'),(3,'2021-01-27',91.8768,'2021-07-28 09:02:48'),(3,'2021-01-28',92.3538,'2021-07-28 09:02:48'),(3,'2021-01-29',92.1919,'2021-07-28 09:02:48'),(3,'2021-01-30',92.1904,'2021-07-28 09:02:48'),(3,'2021-01-31',92.0371,'2021-07-28 09:02:48'),(3,'2021-02-01',91.8987,'2021-07-28 09:02:48'),(3,'2021-02-02',91.8017,'2021-07-28 09:02:48'),(3,'2021-02-03',91.4151,'2021-07-28 09:02:48'),(3,'2021-02-04',90.3769,'2021-07-28 09:02:48'),(3,'2021-02-05',89.9434,'2021-07-28 09:02:48'),(3,'2021-02-06',89.9454,'2021-07-28 09:02:48'),(3,'2021-02-07',89.9054,'2021-07-28 09:02:48'),(3,'2021-02-08',89.6277,'2021-07-28 09:02:48'),(3,'2021-02-09',89.5699,'2021-07-28 09:02:48'),(3,'2021-02-10',89.5667,'2021-07-28 09:02:48'),(3,'2021-02-11',89.3671,'2021-07-28 09:02:48'),(3,'2021-02-12',89.2156,'2021-07-28 09:02:48'),(3,'2021-02-13',89.2697,'2021-07-28 09:02:48'),(3,'2021-02-14',89.2248,'2021-07-28 09:02:48'),(3,'2021-02-15',89.0099,'2021-07-28 09:02:48'),(3,'2021-02-16',88.9697,'2021-07-28 09:02:48'),(3,'2021-02-17',88.8438,'2021-07-28 09:02:48'),(3,'2021-02-18',89.3187,'2021-07-28 09:02:48'),(3,'2021-02-19',89.7175,'2021-07-28 09:02:48'),(3,'2021-02-20',89.7175,'2021-07-28 09:02:48'),(3,'2021-02-21',89.9276,'2021-07-28 09:02:48'),(3,'2021-02-22',90.3426,'2021-07-28 09:02:48'),(3,'2021-02-23',90.0517,'2021-07-28 09:02:48'),(3,'2021-02-24',89.4851,'2021-07-28 09:02:48'),(3,'2021-02-25',90.8858,'2021-07-28 09:02:48'),(3,'2021-02-26',90.0354,'2021-07-28 09:02:48'),(3,'2021-02-27',90.0355,'2021-07-28 09:02:48'),(3,'2021-02-28',90.2895,'2021-07-28 09:02:48'),(3,'2021-03-01',89.5123,'2021-07-28 09:02:48'),(3,'2021-03-02',89.2168,'2021-07-28 09:02:48'),(3,'2021-03-03',89.2316,'2021-07-28 09:02:48'),(3,'2021-03-04',89.2646,'2021-07-28 09:02:48'),(3,'2021-03-05',88.5544,'2021-07-28 09:02:48'),(3,'2021-03-06',88.5904,'2021-07-28 09:02:48'),(3,'2021-03-07',88.6467,'2021-07-28 09:02:48'),(3,'2021-03-08',88.304,'2021-07-28 09:02:48'),(3,'2021-03-09',88.119,'2021-07-28 09:02:48'),(3,'2021-03-10',87.7163,'2021-07-28 09:02:48'),(3,'2021-03-11',87.8895,'2021-07-28 09:02:48'),(3,'2021-03-12',87.5712,'2021-07-28 09:02:48'),(3,'2021-03-13',87.57,'2021-07-28 09:02:48'),(3,'2021-03-14',87.6309,'2021-07-28 09:02:48'),(3,'2021-03-15',86.7812,'2021-07-28 09:02:48'),(3,'2021-03-16',86.7639,'2021-07-28 09:02:48'),(3,'2021-03-17',88.2983,'2021-07-28 09:02:48'),(3,'2021-03-18',88.6173,'2021-07-28 09:02:48'),(3,'2021-03-19',88.7044,'2021-07-28 09:02:48'),(3,'2021-03-20',88.7193,'2021-07-28 09:02:48'),(3,'2021-03-21',88.1337,'2021-07-28 09:02:48'),(3,'2021-03-22',89.2933,'2021-07-28 09:02:48'),(3,'2021-03-23',90.4167,'2021-07-28 09:02:48'),(3,'2021-03-24',90.5459,'2021-07-28 09:02:48'),(3,'2021-03-25',89.6788,'2021-07-28 09:02:48'),(3,'2021-03-26',89.6523,'2021-07-28 09:02:48'),(3,'2021-03-27',89.8825,'2021-07-28 09:02:48'),(3,'2021-03-28',89.2294,'2021-07-28 09:02:48'),(3,'2021-03-29',89.0766,'2021-07-28 09:02:48'),(3,'2021-03-30',89.018,'2021-07-28 09:02:48'),(3,'2021-03-31',88.7798,'2021-07-28 09:02:48'),(3,'2021-04-01',89.8677,'2021-07-28 09:02:48'),(3,'2021-04-02',89.8923,'2021-07-28 09:02:48'),(3,'2021-04-03',89.8832,'2021-07-28 09:02:48'),(3,'2021-04-04',89.9472,'2021-07-28 09:02:48'),(3,'2021-04-05',90.3727,'2021-07-28 09:02:48'),(3,'2021-04-06',91.5933,'2021-07-28 09:02:48'),(3,'2021-04-07',91.6515,'2021-07-28 09:02:48'),(3,'2021-04-08',91.5585,'2021-07-28 09:02:48'),(3,'2021-04-09',92.1362,'2021-07-28 09:02:48'),(3,'2021-04-10',92.1245,'2021-07-28 09:02:48'),(3,'2021-04-11',92.1255,'2021-07-28 09:02:48'),(3,'2021-04-12',92.1153,'2021-07-28 09:02:48'),(3,'2021-04-13',90.8108,'2021-07-28 09:02:48'),(3,'2021-04-14',91.1271,'2021-07-28 09:02:48'),(3,'2021-04-15',91.094,'2021-07-28 09:02:48'),(3,'2021-04-16',90.5942,'2021-07-28 09:02:48'),(3,'2021-04-17',90.5942,'2021-07-28 09:02:48'),(3,'2021-04-18',90.9749,'2021-07-28 09:02:48'),(3,'2021-04-19',91.9035,'2021-07-28 09:02:48'),(3,'2021-04-20',92.4826,'2021-07-28 09:02:48'),(3,'2021-04-21',92.2034,'2021-07-28 09:02:48'),(3,'2021-04-22',90.7521,'2021-07-28 09:02:48'),(3,'2021-04-23',90.584,'2021-07-28 09:02:48'),(3,'2021-04-24',90.5739,'2021-07-28 09:02:48'),(3,'2021-04-25',90.614,'2021-07-28 09:02:48'),(3,'2021-04-26',90.6303,'2021-07-28 09:02:48'),(3,'2021-04-27',90.4465,'2021-07-28 09:02:48'),(3,'2021-04-28',90.2887,'2021-07-28 09:02:48'),(3,'2021-04-29',90.6332,'2021-07-28 09:02:48'),(3,'2021-04-30',90.4965,'2021-07-28 09:02:48'),(3,'2021-05-01',90.4999,'2021-07-28 09:02:48'),(3,'2021-05-02',90.4924,'2021-07-28 09:02:48'),(3,'2021-05-03',90.3635,'2021-07-28 09:02:48'),(3,'2021-05-04',89.8496,'2021-07-28 09:02:48'),(3,'2021-05-05',89.8515,'2021-07-28 09:02:48'),(3,'2021-05-06',89.5529,'2021-07-28 09:02:48'),(3,'2021-05-07',89.7198,'2021-07-28 09:02:48'),(3,'2021-05-08',89.7069,'2021-07-28 09:02:48'),(3,'2021-05-09',89.6796,'2021-07-28 09:02:48'),(3,'2021-05-10',90.2166,'2021-07-28 09:02:48'),(3,'2021-05-11',90.1209,'2021-07-28 09:02:48'),(3,'2021-05-12',90.2008,'2021-07-28 09:02:48'),(3,'2021-05-13',89.4105,'2021-07-28 09:02:48'),(3,'2021-05-14',89.8791,'2021-07-28 09:02:48'),(3,'2021-05-15',89.89,'2021-07-28 09:02:48'),(3,'2021-05-16',89.9157,'2021-07-28 09:02:48'),(3,'2021-05-17',89.7231,'2021-07-28 09:02:48'),(3,'2021-05-18',90.0736,'2021-07-28 09:02:48'),(3,'2021-05-19',89.7847,'2021-07-28 09:02:48'),(3,'2021-05-20',89.8215,'2021-07-28 09:02:48'),(3,'2021-05-21',89.6723,'2021-07-28 09:02:48'),(3,'2021-05-22',89.6815,'2021-07-28 09:02:48'),(3,'2021-05-23',89.7158,'2021-07-28 09:02:48'),(3,'2021-05-24',89.7446,'2021-07-28 09:02:48'),(3,'2021-05-25',90.0315,'2021-07-28 09:02:48'),(3,'2021-05-26',89.7023,'2021-07-28 09:02:48'),(3,'2021-05-27',89.5815,'2021-07-28 09:02:48'),(3,'2021-05-28',89.2502,'2021-07-28 09:02:48'),(3,'2021-05-29',89.2506,'2021-07-28 09:02:48'),(3,'2021-05-30',89.2471,'2021-07-28 09:02:48'),(3,'2021-05-31',89.8308,'2021-07-28 09:02:48'),(3,'2021-06-01',89.8618,'2021-07-28 09:02:48'),(3,'2021-06-02',89.3568,'2021-07-28 09:02:48'),(3,'2021-06-03',88.8624,'2021-07-28 09:02:48'),(3,'2021-06-04',88.6553,'2021-07-28 09:02:48'),(3,'2021-06-05',88.6501,'2021-07-28 09:02:48'),(3,'2021-06-06',88.7335,'2021-07-28 09:02:48'),(3,'2021-06-07',88.7821,'2021-07-28 09:02:48'),(3,'2021-06-08',87.9876,'2021-07-28 09:02:48'),(3,'2021-06-09',88.0872,'2021-07-28 09:02:48'),(3,'2021-06-10',87.367,'2021-07-28 09:02:48'),(3,'2021-06-11',87.1196,'2021-07-28 09:02:48'),(3,'2021-06-12',87.1228,'2021-07-28 09:02:48'),(3,'2021-06-13',87.3074,'2021-07-28 09:02:48'),(3,'2021-06-14',87.3188,'2021-07-28 09:02:48'),(3,'2021-06-15',87.6007,'2021-07-28 09:02:48'),(3,'2021-06-16',87.0755,'2021-07-28 09:02:48'),(3,'2021-06-17',86.2662,'2021-07-28 09:02:48'),(3,'2021-06-18',86.3658,'2021-07-28 09:02:48'),(3,'2021-06-19',86.372,'2021-07-28 09:02:48'),(3,'2021-06-20',86.4718,'2021-07-28 09:02:48'),(3,'2021-06-21',87.098,'2021-07-28 09:02:48'),(3,'2021-06-22',87.0411,'2021-07-28 09:02:48'),(3,'2021-06-23',86.688,'2021-07-28 09:02:48'),(3,'2021-06-24',86.2597,'2021-07-28 09:02:48'),(3,'2021-06-25',86.2019,'2021-07-28 09:02:48'),(3,'2021-06-26',86.1918,'2021-07-28 09:02:48'),(3,'2021-06-27',86.2719,'2021-07-28 09:02:48'),(3,'2021-06-28',86.1638,'2021-07-28 09:02:48'),(3,'2021-06-29',86.5835,'2021-07-28 09:02:48'),(3,'2021-06-30',86.6277,'2021-07-28 09:02:48'),(3,'2021-07-01',87.057,'2021-07-28 09:02:48'),(3,'2021-07-02',86.846,'2021-07-28 09:02:48'),(3,'2021-07-03',86.8471,'2021-07-28 09:02:48'),(3,'2021-07-04',86.8404,'2021-07-28 09:02:48'),(3,'2021-07-05',87.1617,'2021-07-28 09:02:48'),(3,'2021-07-06',88.1356,'2021-07-28 09:02:48'),(3,'2021-07-07',88.1242,'2021-07-28 09:02:48'),(3,'2021-07-08',88.5552,'2021-07-28 09:02:48'),(3,'2021-07-09',88.3896,'2021-07-28 09:02:48'),(3,'2021-07-10',88.384,'2021-07-28 09:02:48'),(3,'2021-07-11',88.1951,'2021-07-28 09:02:48'),(3,'2021-07-12',88.2626,'2021-07-28 09:02:48'),(3,'2021-07-13',87.5645,'2021-07-28 09:02:48'),(3,'2021-07-14',87.7542,'2021-07-28 09:02:48'),(3,'2021-07-15',87.8857,'2021-07-28 09:02:48'),(3,'2021-07-16',87.458,'2021-07-28 09:02:48'),(3,'2021-07-17',87.4487,'2021-07-28 09:02:48'),(3,'2021-07-18',87.5268,'2021-07-28 09:02:48'),(3,'2021-07-19',88.0892,'2021-07-28 09:02:48'),(3,'2021-07-20',87.6302,'2021-07-28 09:02:48'),(3,'2021-07-21',87.2356,'2021-07-28 09:02:48'),(3,'2021-07-22',86.759,'2021-07-28 09:02:48'),(3,'2021-07-23',86.9525,'2021-07-28 09:02:48'),(3,'2021-07-24',86.9525,'2021-07-28 09:02:48'),(3,'2021-07-25',86.7855,'2021-07-29 20:48:58'),(3,'2021-07-26',87.0343,'2021-07-29 20:48:58'),(3,'2021-07-27',87.301,'2021-07-28 15:20:13'),(3,'2021-07-28',87.0312,'2021-07-30 00:59:40'),(3,'2021-07-29',87.0185,'2021-07-30 00:59:40'),(4,'2021-01-26',7.86352,'2021-07-28 09:02:48'),(4,'2021-01-27',7.84752,'2021-07-28 09:02:48'),(4,'2021-01-28',7.81646,'2021-07-28 09:02:48'),(4,'2021-01-29',7.80175,'2021-07-28 09:02:48'),(4,'2021-01-30',7.8015,'2021-07-28 09:02:48'),(4,'2021-01-31',7.79269,'2021-07-28 09:02:48'),(4,'2021-02-01',7.8064,'2021-07-28 09:02:48'),(4,'2021-02-02',7.77386,'2021-07-28 09:02:48'),(4,'2021-02-03',7.77866,'2021-07-28 09:02:48'),(4,'2021-02-04',7.7444,'2021-07-28 09:02:48'),(4,'2021-02-05',7.79159,'2021-07-28 09:02:48'),(4,'2021-02-06',7.79176,'2021-07-28 09:02:48'),(4,'2021-02-07',7.79129,'2021-07-28 09:02:48'),(4,'2021-02-08',7.77335,'2021-07-28 09:02:48'),(4,'2021-02-09',7.79862,'2021-07-28 09:02:48'),(4,'2021-02-10',7.82717,'2021-07-28 09:02:48'),(4,'2021-02-11',7.83348,'2021-07-28 09:02:48'),(4,'2021-02-12',7.82293,'2021-07-28 09:02:48'),(4,'2021-02-13',7.82767,'2021-07-28 09:02:48'),(4,'2021-02-14',7.82836,'2021-07-28 09:02:48'),(4,'2021-02-15',7.83518,'2021-07-28 09:02:48'),(4,'2021-02-16',7.80921,'2021-07-28 09:02:48'),(4,'2021-02-17',7.78035,'2021-07-28 09:02:48'),(4,'2021-02-18',7.84523,'2021-07-28 09:02:48'),(4,'2021-02-19',7.86099,'2021-07-28 09:02:48'),(4,'2021-02-20',7.86087,'2021-07-28 09:02:48'),(4,'2021-02-21',7.86589,'2021-07-28 09:02:48'),(4,'2021-02-22',7.8647,'2021-07-28 09:02:48'),(4,'2021-02-23',7.85667,'2021-07-28 09:02:48'),(4,'2021-02-24',7.85824,'2021-07-28 09:02:48'),(4,'2021-02-25',7.84919,'2021-07-28 09:02:48'),(4,'2021-02-26',7.82138,'2021-07-28 09:02:48'),(4,'2021-02-27',7.8214,'2021-07-28 09:02:48'),(4,'2021-02-28',7.83233,'2021-07-28 09:02:48'),(4,'2021-03-01',7.79104,'2021-07-28 09:02:48'),(4,'2021-03-02',7.81967,'2021-07-28 09:02:48'),(4,'2021-03-03',7.79401,'2021-07-28 09:02:48'),(4,'2021-03-04',7.74301,'2021-07-28 09:02:48'),(4,'2021-03-05',7.73851,'2021-07-28 09:02:48'),(4,'2021-03-06',7.74166,'2021-07-28 09:02:48'),(4,'2021-03-07',7.74757,'2021-07-28 09:02:48'),(4,'2021-03-08',7.73431,'2021-07-28 09:02:48'),(4,'2021-03-09',7.74129,'2021-07-28 09:02:48'),(4,'2021-03-10',7.75805,'2021-07-28 09:02:48'),(4,'2021-03-11',7.78287,'2021-07-28 09:02:48'),(4,'2021-03-12',7.77988,'2021-07-28 09:02:48'),(4,'2021-03-13',7.77978,'2021-07-28 09:02:48'),(4,'2021-03-14',7.77729,'2021-07-28 09:02:48'),(4,'2021-03-15',7.7514,'2021-07-28 09:02:48'),(4,'2021-03-16',7.74301,'2021-07-28 09:02:48'),(4,'2021-03-17',7.7935,'2021-07-28 09:02:48'),(4,'2021-03-18',7.75414,'2021-07-28 09:02:48'),(4,'2021-03-19',7.77602,'2021-07-28 09:02:48'),(4,'2021-03-20',7.77733,'2021-07-28 09:02:48'),(4,'2021-03-21',7.73446,'2021-07-28 09:02:48'),(4,'2021-03-22',7.76555,'2021-07-28 09:02:48'),(4,'2021-03-23',7.71532,'2021-07-28 09:02:48'),(4,'2021-03-24',7.70733,'2021-07-28 09:02:48'),(4,'2021-03-25',7.70911,'2021-07-28 09:02:48'),(4,'2021-03-26',7.71519,'2021-07-28 09:02:48'),(4,'2021-03-27',7.735,'2021-07-28 09:02:48'),(4,'2021-03-28',7.71039,'2021-07-28 09:02:48'),(4,'2021-03-29',7.73165,'2021-07-28 09:02:48'),(4,'2021-03-30',7.70447,'2021-07-28 09:02:48'),(4,'2021-03-31',7.68406,'2021-07-28 09:02:48'),(4,'2021-04-01',7.7328,'2021-07-28 09:02:48'),(4,'2021-04-02',7.72371,'2021-07-28 09:02:48'),(4,'2021-04-03',7.72293,'2021-07-28 09:02:48'),(4,'2021-04-04',7.72697,'2021-07-28 09:02:48'),(4,'2021-04-05',7.76044,'2021-07-28 09:02:48'),(4,'2021-04-06',7.76501,'2021-07-28 09:02:48'),(4,'2021-04-07',7.76793,'2021-07-28 09:02:48'),(4,'2021-04-08',7.80727,'2021-07-28 09:02:48'),(4,'2021-04-09',7.79812,'2021-07-28 09:02:48'),(4,'2021-04-10',7.79864,'2021-07-28 09:02:48'),(4,'2021-04-11',7.79751,'2021-07-28 09:02:48'),(4,'2021-04-12',7.80141,'2021-07-28 09:02:48'),(4,'2021-04-13',7.82295,'2021-07-28 09:02:48'),(4,'2021-04-14',7.82452,'2021-07-28 09:02:48'),(4,'2021-04-15',7.80748,'2021-07-28 09:02:48'),(4,'2021-04-16',7.81331,'2021-07-28 09:02:48'),(4,'2021-04-17',7.81348,'2021-07-28 09:02:48'),(4,'2021-04-18',7.80684,'2021-07-28 09:02:48'),(4,'2021-04-19',7.84094,'2021-07-28 09:02:48'),(4,'2021-04-20',7.8208,'2021-07-28 09:02:48'),(4,'2021-04-21',7.81333,'2021-07-28 09:02:48'),(4,'2021-04-22',7.79825,'2021-07-28 09:02:48'),(4,'2021-04-23',7.85847,'2021-07-28 09:02:48'),(4,'2021-04-24',7.85759,'2021-07-28 09:02:48'),(4,'2021-04-25',7.85389,'2021-07-28 09:02:48'),(4,'2021-04-26',7.83477,'2021-07-28 09:02:48'),(4,'2021-04-27',7.83773,'2021-07-28 09:02:48'),(4,'2021-04-28',7.86268,'2021-07-28 09:02:48'),(4,'2021-04-29',7.84761,'2021-07-28 09:02:48'),(4,'2021-04-30',7.78203,'2021-07-28 09:02:48'),(4,'2021-05-01',7.78232,'2021-07-28 09:02:48'),(4,'2021-05-02',7.78779,'2021-07-28 09:02:48'),(4,'2021-05-03',7.8073,'2021-07-28 09:02:48'),(4,'2021-05-04',7.77795,'2021-07-28 09:02:48'),(4,'2021-05-05',7.77286,'2021-07-28 09:02:48'),(4,'2021-05-06',7.79938,'2021-07-28 09:02:48'),(4,'2021-05-07',7.82514,'2021-07-28 09:02:48'),(4,'2021-05-08',7.82402,'2021-07-28 09:02:48'),(4,'2021-05-09',7.83133,'2021-07-28 09:02:48'),(4,'2021-05-10',7.78954,'2021-07-28 09:02:48'),(4,'2021-05-11',7.80856,'2021-07-28 09:02:48'),(4,'2021-05-12',7.79806,'2021-07-28 09:02:48'),(4,'2021-05-13',7.79217,'2021-07-28 09:02:48'),(4,'2021-05-14',7.81749,'2021-07-28 09:02:48'),(4,'2021-05-15',7.81844,'2021-07-28 09:02:48'),(4,'2021-05-16',7.82146,'2021-07-28 09:02:48'),(4,'2021-05-17',7.82858,'2021-07-28 09:02:48'),(4,'2021-05-18',7.85299,'2021-07-28 09:02:48'),(4,'2021-05-19',7.83234,'2021-07-28 09:02:48'),(4,'2021-05-20',7.86685,'2021-07-28 09:02:48'),(4,'2021-05-21',7.83686,'2021-07-28 09:02:48'),(4,'2021-05-22',7.83767,'2021-07-28 09:02:48'),(4,'2021-05-23',7.83797,'2021-07-28 09:02:48'),(4,'2021-05-24',7.84086,'2021-07-28 09:02:48'),(4,'2021-05-25',7.8522,'2021-07-28 09:02:48'),(4,'2021-05-26',7.79283,'2021-07-28 09:02:48'),(4,'2021-05-27',7.78219,'2021-07-28 09:02:48'),(4,'2021-05-28',7.76468,'2021-07-28 09:02:48'),(4,'2021-05-29',7.76471,'2021-07-28 09:02:48'),(4,'2021-05-30',7.76348,'2021-07-28 09:02:48'),(4,'2021-05-31',7.79281,'2021-07-28 09:02:48'),(4,'2021-06-01',7.79688,'2021-07-28 09:02:48'),(4,'2021-06-02',7.79165,'2021-07-28 09:02:48'),(4,'2021-06-03',7.76877,'2021-07-28 09:02:48'),(4,'2021-06-04',7.78121,'2021-07-28 09:02:48'),(4,'2021-06-05',7.78076,'2021-07-28 09:02:48'),(4,'2021-06-06',7.78155,'2021-07-28 09:02:48'),(4,'2021-06-07',7.7989,'2021-07-28 09:02:48'),(4,'2021-06-08',7.79156,'2021-07-28 09:02:48'),(4,'2021-06-09',7.77827,'2021-07-28 09:02:48'),(4,'2021-06-10',7.78204,'2021-07-28 09:02:48'),(4,'2021-06-11',7.74787,'2021-07-28 09:02:48'),(4,'2021-06-12',7.74816,'2021-07-28 09:02:48'),(4,'2021-06-13',7.74872,'2021-07-28 09:02:48'),(4,'2021-06-14',7.75693,'2021-07-28 09:02:48'),(4,'2021-06-15',7.76769,'2021-07-28 09:02:48'),(4,'2021-06-16',7.67327,'2021-07-28 09:02:48'),(4,'2021-06-17',7.68333,'2021-07-28 09:02:48'),(4,'2021-06-18',7.65564,'2021-07-28 09:02:48'),(4,'2021-06-19',7.65619,'2021-07-28 09:02:48'),(4,'2021-06-20',7.66152,'2021-07-28 09:02:48'),(4,'2021-06-21',7.70341,'2021-07-28 09:02:48'),(4,'2021-06-22',7.73796,'2021-07-28 09:02:48'),(4,'2021-06-23',7.72312,'2021-07-28 09:02:48'),(4,'2021-06-24',7.72019,'2021-07-28 09:02:48'),(4,'2021-06-25',7.70709,'2021-07-28 09:02:48'),(4,'2021-06-26',7.70619,'2021-07-28 09:02:48'),(4,'2021-06-27',7.70984,'2021-07-28 09:02:48'),(4,'2021-06-28',7.70054,'2021-07-28 09:02:48'),(4,'2021-06-29',7.69258,'2021-07-28 09:02:48'),(4,'2021-06-30',7.65527,'2021-07-28 09:02:48'),(4,'2021-07-01',7.66316,'2021-07-28 09:02:48'),(4,'2021-07-02',7.68017,'2021-07-28 09:02:48'),(4,'2021-07-03',7.68026,'2021-07-28 09:02:48'),(4,'2021-07-04',7.67409,'2021-07-28 09:02:48'),(4,'2021-07-05',7.66898,'2021-07-28 09:02:48'),(4,'2021-07-06',7.66017,'2021-07-28 09:02:48'),(4,'2021-07-07',7.63377,'2021-07-28 09:02:48'),(4,'2021-07-08',7.68883,'2021-07-28 09:02:48'),(4,'2021-07-09',7.69548,'2021-07-28 09:02:48'),(4,'2021-07-10',7.69499,'2021-07-28 09:02:48'),(4,'2021-07-11',7.69238,'2021-07-28 09:02:48'),(4,'2021-07-12',7.68202,'2021-07-28 09:02:48'),(4,'2021-07-13',7.61641,'2021-07-28 09:02:48'),(4,'2021-07-14',7.65511,'2021-07-28 09:02:48'),(4,'2021-07-15',7.6318,'2021-07-28 09:02:48'),(4,'2021-07-16',7.64977,'2021-07-28 09:02:48'),(4,'2021-07-17',7.64896,'2021-07-28 09:02:48'),(4,'2021-07-18',7.65384,'2021-07-28 09:02:48'),(4,'2021-07-19',7.65422,'2021-07-28 09:02:48'),(4,'2021-07-20',7.64021,'2021-07-28 09:02:48'),(4,'2021-07-21',7.62736,'2021-07-28 09:02:48'),(4,'2021-07-22',7.61828,'2021-07-28 09:02:48'),(4,'2021-07-23',7.62946,'2021-07-28 09:02:48'),(4,'2021-07-24',7.62946,'2021-07-28 09:02:48'),(4,'2021-07-25',7.63038,'2021-07-29 20:48:58'),(4,'2021-07-26',7.65404,'2021-07-29 20:48:58'),(4,'2021-07-27',7.70438,'2021-07-28 15:20:13'),(4,'2021-07-28',7.6895,'2021-07-30 00:59:40'),(4,'2021-07-29',7.67615,'2021-07-30 00:59:40');
/*!40000 ALTER TABLE `rate` ENABLE KEYS */;
UNLOCK TABLES;
/*!50003 SET @saved_cs_client      = @@character_set_client */ ;
/*!50003 SET @saved_cs_results     = @@character_set_results */ ;
/*!50003 SET @saved_col_connection = @@collation_connection */ ;
/*!50003 SET character_set_client  = utf8mb4 */ ;
/*!50003 SET character_set_results = utf8mb4 */ ;
/*!50003 SET collation_connection  = utf8mb4_0900_ai_ci */ ;
/*!50003 SET @saved_sql_mode       = @@sql_mode */ ;
/*!50003 SET sql_mode              = 'STRICT_TRANS_TABLES,NO_ENGINE_SUBSTITUTION' */ ;
DELIMITER ;;
/*!50003 CREATE*/ /*!50017 DEFINER=`root`@`localhost`*/ /*!50003 TRIGGER `rate_BEFORE_INSERT` BEFORE INSERT ON `rate` FOR EACH ROW BEGIN
	SET NEW.rate_load_datetime = NOW();
END */;;
DELIMITER ;
/*!50003 SET sql_mode              = @saved_sql_mode */ ;
/*!50003 SET character_set_client  = @saved_cs_client */ ;
/*!50003 SET character_set_results = @saved_cs_results */ ;
/*!50003 SET collation_connection  = @saved_col_connection */ ;

--
-- Temporary view structure for view `rates_view`
--

DROP TABLE IF EXISTS `rates_view`;
/*!50001 DROP VIEW IF EXISTS `rates_view`*/;
SET @saved_cs_client     = @@character_set_client;
/*!50503 SET character_set_client = utf8mb4 */;
/*!50001 CREATE VIEW `rates_view` AS SELECT 
 1 AS `currency_code`,
 1 AS `rate_value`,
 1 AS `rate_date`*/;
SET character_set_client = @saved_cs_client;

--
-- Dumping events for database 'dwh'
--

--
-- Dumping routines for database 'dwh'
--

--
-- Final view structure for view `composite_rate`
--

/*!50001 DROP VIEW IF EXISTS `composite_rate`*/;
/*!50001 SET @saved_cs_client          = @@character_set_client */;
/*!50001 SET @saved_cs_results         = @@character_set_results */;
/*!50001 SET @saved_col_connection     = @@collation_connection */;
/*!50001 SET character_set_client      = utf8mb4 */;
/*!50001 SET character_set_results     = utf8mb4 */;
/*!50001 SET collation_connection      = utf8mb4_0900_ai_ci */;
/*!50001 CREATE ALGORITHM=UNDEFINED */
/*!50013 DEFINER=`root`@`localhost` SQL SECURITY DEFINER */
/*!50001 VIEW `composite_rate` AS select `r1`.`dol` AS `dol`,`r2`.`eur` AS `eur`,`r3`.`rub` AS `rub`,`r4`.`chi` AS `chi`,`r1`.`rate_date` AS `rate_date` from ((((select `rate`.`rate_value` AS `dol`,`rate`.`rate_date` AS `rate_date` from `rate` where (`rate`.`rate_currency_id` = 1)) `r1` join (select `rate`.`rate_value` AS `eur`,`rate`.`rate_date` AS `rate_date` from `rate` where (`rate`.`rate_currency_id` = 2)) `r2`) join (select `rate`.`rate_value` AS `rub`,`rate`.`rate_date` AS `rate_date` from `rate` where (`rate`.`rate_currency_id` = 3)) `r3`) join (select `rate`.`rate_value` AS `chi`,`rate`.`rate_date` AS `rate_date` from `rate` where (`rate`.`rate_currency_id` = 4)) `r4` on(((`r1`.`rate_date` = `r2`.`rate_date`) and (`r1`.`rate_date` = `r3`.`rate_date`) and (`r1`.`rate_date` = `r4`.`rate_date`)))) */;
/*!50001 SET character_set_client      = @saved_cs_client */;
/*!50001 SET character_set_results     = @saved_cs_results */;
/*!50001 SET collation_connection      = @saved_col_connection */;

--
-- Final view structure for view `currency_on_date`
--

/*!50001 DROP VIEW IF EXISTS `currency_on_date`*/;
/*!50001 SET @saved_cs_client          = @@character_set_client */;
/*!50001 SET @saved_cs_results         = @@character_set_results */;
/*!50001 SET @saved_col_connection     = @@collation_connection */;
/*!50001 SET character_set_client      = utf8mb4 */;
/*!50001 SET character_set_results     = utf8mb4 */;
/*!50001 SET collation_connection      = utf8mb4_0900_ai_ci */;
/*!50001 CREATE ALGORITHM=UNDEFINED */
/*!50013 DEFINER=`root`@`localhost` SQL SECURITY DEFINER */
/*!50001 VIEW `currency_on_date` AS select `l`.`rus` AS `rus`,`p`.`rate_value` AS `rate_value` from ((select `locale`.`rus` AS `rus`,`locale`.`code` AS `code` from `locale`) `l` join (select `rates_view`.`rate_value` AS `rate_value`,`rates_view`.`currency_code` AS `currency_code` from `rates_view` where (`rates_view`.`rate_date` = '2021-07-27')) `p` on((`l`.`code` = `p`.`currency_code`))) */;
/*!50001 SET character_set_client      = @saved_cs_client */;
/*!50001 SET character_set_results     = @saved_cs_results */;
/*!50001 SET collation_connection      = @saved_col_connection */;

--
-- Final view structure for view `exchange_cost_rub`
--

/*!50001 DROP VIEW IF EXISTS `exchange_cost_rub`*/;
/*!50001 SET @saved_cs_client          = @@character_set_client */;
/*!50001 SET @saved_cs_results         = @@character_set_results */;
/*!50001 SET @saved_col_connection     = @@collation_connection */;
/*!50001 SET character_set_client      = utf8mb4 */;
/*!50001 SET character_set_results     = utf8mb4 */;
/*!50001 SET collation_connection      = utf8mb4_0900_ai_ci */;
/*!50001 CREATE ALGORITHM=UNDEFINED */
/*!50013 DEFINER=`root`@`localhost` SQL SECURITY DEFINER */
/*!50001 VIEW `exchange_cost_rub` AS select `exchange_rub`.`рубль` AS `рубль`,round((1 / `exchange_rub`.`доллар`),4) AS `доллар`,round((1 / `exchange_rub`.`евро`),4) AS `евро`,round((1 / `exchange_rub`.`юань`),4) AS `юань`,`exchange_rub`.`дата курса` AS `дата курса` from `exchange_rub` */;
/*!50001 SET character_set_client      = @saved_cs_client */;
/*!50001 SET character_set_results     = @saved_cs_results */;
/*!50001 SET collation_connection      = @saved_col_connection */;

--
-- Final view structure for view `exchange_rub`
--

/*!50001 DROP VIEW IF EXISTS `exchange_rub`*/;
/*!50001 SET @saved_cs_client          = @@character_set_client */;
/*!50001 SET @saved_cs_results         = @@character_set_results */;
/*!50001 SET @saved_col_connection     = @@collation_connection */;
/*!50001 SET character_set_client      = utf8mb4 */;
/*!50001 SET character_set_results     = utf8mb4 */;
/*!50001 SET collation_connection      = utf8mb4_0900_ai_ci */;
/*!50001 CREATE ALGORITHM=UNDEFINED */
/*!50013 DEFINER=`root`@`localhost` SQL SECURITY DEFINER */
/*!50001 VIEW `exchange_rub` AS select 1 AS `рубль`,round((`composite_rate`.`rub` / `composite_rate`.`dol`),2) AS `доллар`,round((`composite_rate`.`rub` / `composite_rate`.`eur`),2) AS `евро`,round((`composite_rate`.`rub` / `composite_rate`.`chi`),2) AS `юань`,`composite_rate`.`rate_date` AS `дата курса` from `composite_rate` */;
/*!50001 SET character_set_client      = @saved_cs_client */;
/*!50001 SET character_set_results     = @saved_cs_results */;
/*!50001 SET collation_connection      = @saved_col_connection */;

--
-- Final view structure for view `locale`
--

/*!50001 DROP VIEW IF EXISTS `locale`*/;
/*!50001 SET @saved_cs_client          = @@character_set_client */;
/*!50001 SET @saved_cs_results         = @@character_set_results */;
/*!50001 SET @saved_col_connection     = @@collation_connection */;
/*!50001 SET character_set_client      = utf8mb4 */;
/*!50001 SET character_set_results     = utf8mb4 */;
/*!50001 SET collation_connection      = utf8mb4_0900_ai_ci */;
/*!50001 CREATE ALGORITHM=UNDEFINED */
/*!50013 DEFINER=`root`@`localhost` SQL SECURITY DEFINER */
/*!50001 VIEW `locale` AS select `c`.`currency_code` AS `code`,`cn`.`currency_name_rus` AS `rus`,`cn`.`currency_name_eng` AS `eng`,`cn`.`currency_name_deu` AS `deu`,`cn`.`currency_name_chi` AS `chi` from (`currency` `c` join `currency_name` `cn` on((`c`.`currency_id` = `cn`.`currency_id`))) */;
/*!50001 SET character_set_client      = @saved_cs_client */;
/*!50001 SET character_set_results     = @saved_cs_results */;
/*!50001 SET collation_connection      = @saved_col_connection */;

--
-- Final view structure for view `rates_view`
--

/*!50001 DROP VIEW IF EXISTS `rates_view`*/;
/*!50001 SET @saved_cs_client          = @@character_set_client */;
/*!50001 SET @saved_cs_results         = @@character_set_results */;
/*!50001 SET @saved_col_connection     = @@collation_connection */;
/*!50001 SET character_set_client      = utf8mb4 */;
/*!50001 SET character_set_results     = utf8mb4 */;
/*!50001 SET collation_connection      = utf8mb4_0900_ai_ci */;
/*!50001 CREATE ALGORITHM=UNDEFINED */
/*!50013 DEFINER=`root`@`localhost` SQL SECURITY DEFINER */
/*!50001 VIEW `rates_view` AS select `c`.`currency_code` AS `currency_code`,`r`.`rate_value` AS `rate_value`,`r`.`rate_date` AS `rate_date` from (`currency` `c` join `rate` `r` on((`c`.`currency_id` = `r`.`rate_currency_id`))) */;
/*!50001 SET character_set_client      = @saved_cs_client */;
/*!50001 SET character_set_results     = @saved_cs_results */;
/*!50001 SET collation_connection      = @saved_col_connection */;
/*!40103 SET TIME_ZONE=@OLD_TIME_ZONE */;

/*!40101 SET SQL_MODE=@OLD_SQL_MODE */;
/*!40014 SET FOREIGN_KEY_CHECKS=@OLD_FOREIGN_KEY_CHECKS */;
/*!40014 SET UNIQUE_CHECKS=@OLD_UNIQUE_CHECKS */;
/*!40101 SET CHARACTER_SET_CLIENT=@OLD_CHARACTER_SET_CLIENT */;
/*!40101 SET CHARACTER_SET_RESULTS=@OLD_CHARACTER_SET_RESULTS */;
/*!40101 SET COLLATION_CONNECTION=@OLD_COLLATION_CONNECTION */;
/*!40111 SET SQL_NOTES=@OLD_SQL_NOTES */;

-- Dump completed on 2021-07-30  8:24:13
